{
  "id": "neriva-env",
  "name": "Neriva Local",
  "values": [
    { "key": "baseUrl", "value": "http://localhost:4000", "enabled": true },
    { "key": "token", "value": "", "enabled": true },
    { "key": "adminToken", "value": "", "enabled": true },
    { "key": "userId", "value": "", "enabled": true },
    { "key": "targetUserId", "value": "", "enabled": true },
    { "key": "applicationId", "value": "", "enabled": true },
    { "key": "notificationIds", "value": "", "enabled": true }
  ],
  "timestamp": 0
}
